1764	41.8262	-71.4032
1889	40.8096	-73.9635
1754	40.8075	-73.9619444444
1818	44.6369444444	-63.5916666667
1957	38.8308	-77.3075
1955	22.561	88.413
1910	41.0	8.0
1890	32.3222222222	-90.1794444444
1964	-33.7752777778	151.113888889
1873	44.6708333333	-63.6463888889
1908	45.48	-122.63
1891	47.61	-122.32
1861	47.655	-122.308
1905	38.54	-121.75
1850	-33.8877777778	151.187222222
1959	43.7730555556	-79.5036111111
1882	34.0	4.0
1364	50.0608333333	19.9327777778
1850	41.3102777778	-81.1461111111
1836	33.7911111111	-84.3233333333
1965	33.0	38.0
1885	47.12	-88.55
1919	49.210207	16.615883
1365	48.2130555556	16.3597222222
1838	36.0011111111	-78.9388888889
1833	42.29	-85.601
1853	38.648	-90.305
1853	29.64833	-82.34944
1836	51.5211111111	-0.128888888889
1909	51.4563888889	-2.60444444444
1965	52.0	22.0
1894	32.52736	-92.64701
1886	40.8119444444	-73.9602777778
1895	51.5138888889	-0.116666666667
1853	46.5202777778	6.56555555556
1887	35.786	-78.682
1956	43.4688888889	-80.54
1961	-19.3277777778	146.758333333
1881	44.3180555556	-96.7833333333
1891	47.002	-120.54
1854	50.6063888889	3.13638888889
1537	46.5225	6.57944444444
1893	38.937055	-77.086922
1829	43.084412	-77.674949
1991	1.34472222222	103.681388889
1919	47.2486111111	-1.54805555556
1852	42.406	-71.12
1946	39.09818	-77.15906
1972	55.6527777778	12.1402777778
1858	52.0	12.0
1869	-45.8655555556	170.513888889
1852	42.313432	-71.038445
1846	40.9546	-76.8836
1848	45.4222	-75.6824
1592	53.3444	-6.2577
1592	53.3444	-6.2577
1949	-33.9177777778	151.231111111
1842	41.702995	-86.238972
1889	34.6783333333	-82.8391666667
1969	42.612896	-70.845294
1966	51.5327777778	-0.472777777778
1903	53.406	-2.967
1829	51.0	30.0
1903	42.2833333333	-85.6138888889
1835	33.875	-84.333
1865	38.9580555556	-95.2477777778
1961	34.3930555556	-118.566666667
1853	40.9144444444	-90.6372222222
1839	45.8986111111	-64.3736111111
1958	19.0	8.0
1878	43.0	0.0
1883	29.034972	-81.30264
1838	37.546615	-77.453255
1845	53.277784	-9.06186
1882	51.4997222222	-0.176944444444
1919	42.0	17.0
1893	48.734	-122.486
1855	40.271223	-74.782894
1971	45.0	24.0
1879	42.0	14.0
1874	38.848	-104.823
1969	45.489374	-73.588298
1866	36.1688	-86.8047
1887	47.6675	-117.4025
1909	27.0	29.0
1887	38.189	-83.431
1908	14.0	39.0
1904	53.8072222222	-1.55166666667
1963	52.6216666667	1.24166666667
1938	-30.4867	151.643
1946	52.5119444444	13.3263888889
1997	42.0	17.0
1889	35.3097222222	-83.1833333333
1834	54.978	-1.615
1844	41.933	-84.632
1900	52.4505555556	-1.93055555556
1789	44.6375	-63.5952777778
1971	65.6180555556	22.1388888889
1551	41.8988888889	12.4847222222
1632	58.3811111111	26.7202777778
1640	60.1694444444	24.95
1946	45.5127777778	-122.685277778
1890	47.144854	-122.442809
1947	33.6705555556	-117.911944444
1890	46.73	-117.16
1914	42.360732	-71.083774
1873	45.505	-73.614
1892	38.8936111111	-89.4086111111
1869	44.9659	-93.2416
1971	44.9569444444	-93.0738888889
1874	39.5458333333	-119.816666667
1872	37.225	-80.425
1972	61.4494444444	23.86
1867	45.450891	-122.670117
1856	39.7075	-83.8805555556
1962	51.4438888889	7.26166666667
1871	42.318119	-72.638139
1957	40.914224	-73.11623
1894	42.642716	-71.33453
1895	37.7191666667	-97.2930555556
1972	52.674	-8.571
1934	62.0	14.0
1908	42.3457	-71.0702
1958	65.0591666667	25.4661111111
1963	22.0	25.0
1923	33.584	-101.878
970	30.0458333333	31.2625
1992	51.50021	-2.54749
1910	41.38	-83.64
1874	44.0	27.0
1873	36.148649	-86.804972
1949	3.12083333333	101.656388889
1819	42.8194444444	-75.5363888889
1865	42.0	16.0
1876	40.0066666667	-105.267222222
1826	32.3358333333	-90.3313888889
1881	32.0	25.0
1902	45.0377777778	-93.1691666667
1908	40.0	51.0
1872	40.7272222222	-74.0716666667
1829	38.207	-84.554
1871	36.068681	-94.176012
2002	43.0	56.0
1922	36.6155555556	-88.3213888889
1940	40.92583	-73.7875
1937	40.737	-73.817
1886	34.125	-92.0519444444
1988	-33.8836111111	151.200833333
1833	47.3747222222	8.54833333333
1919	42.0	20.0
1964	54.0102777778	-2.78555555556
1855	44.0	6.0
1930	40.6311111111	-73.9525
1810	54.5841666667	-5.93472222222
1869	40.8175	-96.7013888889
1890	36.1322222222	-97.0808333333
1912	32.555925	-94.373191
1696	52.5088888889	13.3269444444
1859	14.6388888889	121.077777778
1966	43.0	14.0
1964	43.7836111111	-79.1855555556
1911	42.0	49.0
1883	42.426111	-78.155278
1860	41.8702777778	-88.0986111111
1965	48.4213888889	-89.2605555556
1857	42.3066666667	-83.0658333333
1876	43.0	39.0
1839	37.791	-79.435
1836	42.0	15.0
1910	39.03162	-94.57237
1965	-32.8927777778	151.704444444
1896	40.7352777778	-73.9941666667
1967	32.426788	-93.706234
1853	-37.7963	144.9614
1876	44.2288888889	-76.4686111111
1966	53.7916666667	-1.76222222222
1954	45.0	22.0
1969	46.8141666667	-71.2225
1785	33.9558	-83.3745
1883	33.822	-85.766
1909	40.155269	-76.99325
1854	40.694412	-73.986531
1992	52.5172222222	-1.89805555556
1882	47.491602	-117.584417
1889	34.0668	-106.9056
1925	47.57203	-52.73265
1975	53.384954	-6.256542
1940	48.4344444444	-123.472777778
1992	53.403	-2.97
1901	36.6736111111	117.053888889
1958	41.3833333333	2.18333333333
1971	51.6054	-0.6374
1975	31.1115	77.139
1901	45.5725	-122.727222222
1992	50.374121	-4.138512
1882	51.5230555556	-0.0402777777778
1918	41.71	44.7783333333
1696	38.9825	-76.4925
1795	32.3041666667	-80.9705555556
1991	42.0213888889	23.095
1876	41.3727777778	-72.1016666667
1842	44.935823	-123.031383
1795	53.3835	-6.5996
1818	49.888631	-97.119725
1865	51.0	45.0
1950	51.1088888889	17.0688888889
1999	58.3733333333	26.7225
1956	43.0184961	-83.6886902
1966	35.0	42.0
1240	43.3191666667	11.3325
1893	46.5605555556	6.6825
1851	39.9952777778	-75.2388888889
1850	39.740415	-84.179213
1858	45.0	11.0
1910	51.107	17.062
1951	-34.4066666667	150.879444444
1885	45.303629	-122.968254
1846	43.0	-78.79
1871	35.127376	-89.982297
1835	42.2445	-84.7434
1911	32.841	-96.784
1969	39.7743	-86.1764
1931	32.527	-92.074
1947	42.965373	-78.788838
1924	34.15	-118.116666667
1931	41.858301	-87.954059
1828	41.7436111111	-74.0838888889
1946	41.2480555556	-75.8775
1942	41.18153	-73.29029
1893	41.3325	-72.9475
1916	44.79895	-91.499346
1920	41.2918592	-72.9621902
1961	30.793325	-88.128789
1885	34.0	1.0
1830	34.81	-87.68
1807	39.2913888889	-76.625
1856	43.138	-79.037
1969	34.0	0.0
1922	37.0	32.0
1887	-37.8082	144.9643
1969	33.5	-86.8075
1867	43.2119444444	-77.95
1826	42.45344	-79.33697
1885	16.0	17.0
2004	50.908	-1.401
1824	42.93203	-75.8538
1925	30.517	-90.468
1891	36.075352	-79.773628
1970	40.7415111	-74.1893432
1891	43.6526	-116.6763
1960	49.25	-123.0
1946	42.95932	-78.721536
1966	43.015854	-78.140433
1962	43.145963	-78.87866
1904	44.4947	-73.1653
1908	41.1055555556	-80.6472222222
1875	40.7318	-111.855
1961	43.10186	-77.614374
1950	42.113219	-79.218045
1961	23.031661	72.536325
1992	51.0	30.0
1886	41.3130555556	-105.581388889
1947	38.0	59.0
1975	52.6747222222	-8.64861111111
1875	53.370425	-6.254396
1966	53.363614	-6.255598
1914	44.9725	-93.2902777778
1927	29.7222222222	-95.3611111111
1632	52.3683333333	4.89027777778
1949	35.8630555556	139.6075
1934	13.0	45.0
1956	32.8451074	-96.925807
1871	39.1583333333	-80.0491666667
1968	27.8269444444	-81.6
1947	29.738207	-95.391576
1723	39.2180555556	-76.0694444444
1912	40.752857	-73.426574
1966	44.648338	-73.439934
1967	44.319166	-74.119563
1750	48.8525	2.30361111111
1961	43.353056	-73.653333
1940	25.0	52.0
1872	42.186	-122.694
1957	24.722	46.627
1878	40.4361111111	-79.9930555556
1976	16.0	22.0
1965	42.872379	-77.242856
1952	13.4333333333	144.8
1933	41.2433333333	-75.8908333333
1906	36.9861111111	-86.4555555556
1853	45.6180555556	-61.9944444444
1881	32.6781	-96.7552
1966	43.042296	-75.000916
1963	42.984181	-74.294615
1852	42.49846	-90.692194
1870	41.075235	-81.511538
1709	42.117258	-77.073544
1928	34.0	35.0
1901	40.7625	-73.9555555556
1954	61.0	11.0
1961	43.006167	-76.197306
1842	53.370886	-6.249418
1456	54.094638	13.374626
1856	33.0	53.0
1943	32.8126058	-96.8384102
1893	45.6683333333	-111.05
1884	36.6048286	-82.176244
1946	43.07685	-75.220127
1899	35.188	-111.653
1873	37.2196	-93.2857
1869	45.55	-94.15
1999	12.8447222222	77.6630555556
1289	43.6319444444	3.86388888889
1863	40.03925	-75.15325
1981	14.1619	77.8128
1857	13.0838888889	80.27
1915	36.1763888889	-85.5097222222
1911	35.85222	-86.37
1941	39.9483333333	116.3175
1872	35.77764	-91.62579
1948	29.7903	-90.8027
1879	30.7138888889	-95.5472222222
1865	37.0	33.0
1965	41.0	43.0
1946	42.134999	-75.91012
1953	42.945079	-76.542783
1968	35.12175	-90.03495
1907	21.297	-157.817
1846	40.9047222222	-81.1105555556
1916	33.9719444444	-117.381111111
1941	19.6996	-155.0816
1855	42.0966	-76.816
1966	42.217529	-73.81804
1957	41.724901	-73.904257
1891	46.8652777778	-96.77
1969	32.0	0.0
1896	34.2472222222	108.979166667
1985	40.735	-73.997
1419	54.0755555556	12.1033333333
1829	-33.9575	18.4605555556
1967	43.7294444444	-79.6091666667
1896	40.7202	-73.6517
1953	42.69578	-73.68354
1950	41.439863	-74.426923
1967	42.814513	-73.950799
1983	51.9958333333	-0.991944444444
1985	12.9866666667	79.9719444444
1855	40.714	-89.268
1902	45.4502777778	9.18972222222
1987	12.955149	77.517305
1290	40.2074	-8.4265
2007	45.748151	4.852352
1882	38.5693	-122.4413
1872	34.2002777778	-82.1655555556
1869	29.995	-90.0652777778
1963	42.0	18.0
1962	41.7688	-74.6675
1909	14.0	9.0
1967	43.9438888889	-78.8969444444
1954	2.038	45.287
1955	21.2896833333	-157.806866667
1897	-33.0869444444	151.461111111
1968	42.50368	-76.290801
1961	41.852925	-74.13115
1946	41.0666666667	-73.7902777778
1845	51.893	-8.493
1894	41.5637	-85.8272
1909	36.5930555556	-101.637222222
1932	40.7678	-73.8825
1830	40.409197	-3.694345
1898	47.4316666667	9.37472222222
1894	42.588858	-71.789167
1874	42.267586	-71.84376
1942	37.1035	-94.51102
1958	28.0	3.0
1996	41.0919	28.6236
1795	53.3804	-6.5961
1908	34.0	22.0
1976	21.3552	-158.0564
1946	12.0	56.0
1920	21.3213888889	-157.87
1968	21.393	-157.984
1931	20.891	-156.479
1972	21.4081	-157.8128
1919	47.48175	-94.87557
1855	39.8394444444	-86.1713888889
1958	46.18369	-123.8246
1973	25.61	91.9013888889
1947	55.861	-4.245
1952	45.2969444444	-73.2525
1940	48.4344444444	-123.472777778
1890	35.6583333333	-97.4719444444
1871	38.7591	-93.7374
1901	36.14268	-86.75311
1982	11.0	2.0
1918	35.1658333333	-84.8711111111
2004	53.5736111111	-2.43583333333
2005	51.3755555556	-2.43833333333
1922	33.8738888889	-98.5211111111
1941	40.2777777778	-111.713888889
1946	13.041629	80.264252
1837	39.998	-81.738
1866	38.56507	-92.16947
1967	34.9975	-81.9705555556
1854	34.045	-81.0313888889
1984	33.0	36.0
1887	38.0747	-97.3425
1824	32.7841666667	-79.9508333333
1878	37.60186	-93.40911
1958	35.0	42.0
1936	52.1294	-106.6367
2000	1.29666666667	103.849722222
1925	34.08512	-118.48216
1838	13.106225	80.286745
1926	45.497	-73.579
1938	46.2136111111	-60.6055555556
1831	40.0722	-82.5225
1924	35.24785	-91.72711
1961	26.3712	-80.10166
1869	40.1934	-75.4559
1916	40.8055555556	-73.9663888889
1966	38.553147	-121.452528
1935	26.38	75.855278
1962	42.276815	-71.762445
2004	53.8197222222	-101.237777778
1905	44.9247222222	-93.1822222222
1994	56.4633333333	-2.97361111111
1936	26.0877777778	119.235
1902	32.0561111111	118.764444444
1902	32.0577777778	118.788888889
1962	39.9933333333	116.337777778
1917	12.0	58.0
1928	31.7402777778	-100.7825
1931	27.3606697	-82.5480817
1990	46.51	6.62
1851	39.8141666667	-86.2030555556
1865	38.602589	-95.265542
1879	25.9181747	-80.2704621
1969	29.59	-98.62
1901	9.31277777778	123.306666667
1972	34.045984	-118.233431
1926	51.06205	-114.09143
1961	36.0	52.0
1907	36.6181	-93.2405
1887	53.054	-3.006
1999	37.966937	-122.343256
1949	37.9713888889	-122.07
1913	43.56233	-116.56522
1856	44.8527777778	-123.239444444
1873	34.242273	-92.020347
1901	32.5252	-92.7153
1886	43.38	-84.671
1886	35.0458	-85.2999
1854	34.959	-81.935
1859	41.4636111111	-87.0436111111
1859	41.898951	-84.058424
1916	12.0	18.0
1924	32.793611	-96.779997
1844	42.441	-84.9228
1965	35.2211	-79.4077
1984	26.0	56.0
1977	38.0	57.0
1941	36.12544	-90.94023
1913	33.0	59.0
1954	38.052096	-78.513901
1948	7.07222222222	125.613055556
1930	41.0	4.0
2005	26.0	32.0
1898	53.4086111111	-2.96916666667
1986	13.0	10.0
1832	53.7912	-1.7614
1900	39.31028	-76.65861
1889	42.58978	-70.82288
1891	29.574	-97.986
1551	-12.0583333333	-77.0833333333
1987	48.5231	7.7369
1973	37.0572222222	35.3558333333
1964	50.0	12.0
1944	36.726	-119.7348
1860	41.5023	-90.5504
1959	17.9808	79.5328
1919	33.79	-84.3213333333
1883	40.615	-74.094
1924	12.0	18.0
1984	45.19	5.714
1982	35.078	-92.455
1907	35.077	-92.457
1942	55.6497222222	37.6644444444
1984	12.875746	80.08338
1899	40.15	-76.5919444
1896	33.10378	-86.86497
1968	43.6669444444	-79.4008333333
1910	44.9488888889	-93.1097222222
2005	-26.1833333333	27.9988888889
1830	37.763	-77.477
1904	-33.3136111111	26.5197222222
1896	34.756	-86.653
1898	40.0	48.0
1866	42.8498	-85.5307
1856	22.5558333333	88.3055555556
1972	36.138	-96.006
1967	10.0	24.0
1905	40.353306	-94.8834
1885	44.0	4.0
1987	20.3083333333	85.8175
1906	52.2088888889	21.0088888889
1946	38.0636111111	46.3286111111
1946	39.0580555556	125.768333333
1855	40.7961111111	-77.8627777778
1947	39.0	25.0
1867	4.63555555556	-74.0827777778
1844	41.0	42.0
1876	33.1980555556	-87.5852777778
1949	43.0	10.0
1963	12.0	18.0
1895	38.1794444444	-81.3247222222
1897	36.5808	-83.6566
1890	37.9797222222	-122.513333333
1891	38.3825	-81.7655555556
1904	38.9305555556	-79.8466666667
1912	38.949	-90.349
1959	35.8022222222	51.3933333333
1956	41.6494444444	-71.2605555556
1895	40.61598	-93.9258
1966	24.8627777778	120.989166667
1974	37.8058	-80.4373
1998	15.0	46.0
1994	41.0	24.0
1966	48.3375	14.3175
1963	42.274	-83.683
1956	-23.681	-70.41
1961	53.0	8.0
1947	-36.8222222222	-73.0125
1959	46.72	-100.75
1849	45.5211111111	-123.108055556
1890	38.9886111111	-80.2216666667
1891	44.0	47.0
1865	39.0	19.0
1943	25.732479	-80.163245
1920	33.663024	-117.900023
1968	33.5525	-117.666666667
1989	35.81	51.47
1955	22.555	72.925
1966	22.469928	91.790405
1958	-33.9158	151.2252
2002	37.1989	-80.406
1917	38.470966	-78.879519
1924	40.0871	-75.2278
1839	42.297742	-71.436598
1946	35.1422222222	126.933055556
1987	35.8008333333	51.5025
1961	43.98843	-75.938959
1871	35.1547222222	136.966944444
1905	39.8263	-84.9106
1912	46.81612	-92.10624
1894	42.691672	-73.103921
1916	41.664128	-86.220833
1898	52.0916666667	5.12555555556
1949	38.0	54.0
1951	44.7659	-85.5836
1989	33.0	51.0
1885	50.0	44.0
1991	48.1361111111	11.5244444444
1911	34.514	-82.638
1836	33.619519	-83.871045
1947	45.0	25.0
1972	39.2880555556	-76.6
1972	39.0012	-77.0859
1817	40.7455555556	-74.0038888889
1881	44.01229	-97.11285
1966	44.0225	-92.4636111111
1896	45.458	-73.639
1972	29.703251	-95.402871
1922	28.5833333333	77.1666666667
1905	45.3708333333	-63.2572222222
1886	43.2708333333	-2.9375
1855	46.256	-63.139
1925	49.2705555556	-123.133333333
2003	25.3148	51.4394
1884	41.6322222222	-85.0055555556
1937	8.5018	76.9394
1946	42.0	11.0
1987	50.8245	4.3984
1955	37.22096	-93.26367
1902	38.8733333333	-99.3433333333
1948	40.6722222222	-111.944444444
1969	34.4044444444	-118.568055556
1973	12.0	53.0
1841	51.53	-0.14
1857	41.87	-80.122
1905	34.053	-117.261
1965	44.53	-87.92083
1865	55.1477777778	-6.67222222222
1842	32.7972222222	-79.9611111111
1918	35.7111111111	139.590277778
1950	33.93	-117.425
1969	48.9447222222	2.36333333333
1946	52.161	5.006
1969	52.0377777778	8.49305555556
1941	38.345	-85.8191666667
1936	52.4827	-1.8859
1898	37.6783333333	-97.3666666667
1957	61.1893	-149.8042
1906	15.485	120.5875
1966	40.702	-73.795
1930	35.497574	-84.999139
1976	37.7458333333	-25.6636111111
2003	-34.1072	18.4706
1940	19.054342	-98.283686
1958	33.7325	-116.387222222
1966	44.5869444444	-123.115
1911	37.0	5.0
1846	53.8084	-1.5517
1953	24.37	88.637
1973	53.1477777778	8.18222222222
1976	50.4194444444	-104.582222222
1948	5.65083333333	-0.186944444444
1845	52.6303	1.2966
1983	18.5177	73.8148
1966	23.7348333333	90.3938333333
1992	23.794	90.4035
1967	25.016	121.536
1937	37.09595	-94.4622
1978	40.8583333333	-74.5805555556
1879	34.7494444444	-92.32
1998	52.0833	5.1478
1904	45.543	-122.523
1974	45.4983333333	-122.685555556
1937	45.506	-122.593
1893	45.3983333333	-122.646111111
1905	45.5682833333	-122.636966667
1892	31.3062	-89.29116
1853	40.092	-75.1655
1829	39.731	-90.247
1962	13.0	1.0
1681	55.955	-3.1965
1966	39.2125	-76.8777777778
1850	51.4376	-0.335
1981	68.0	21.0
1944	13.007906	80.238795
1917	25.0	36.0
1927	51.0	29.0
1970	6.0	20.022
1994	16.0	11.0
1872	38.6459	-90.5038
1948	44.7958333333	-93.3708333333
1967	40.326	-74.132
1791	39.3604	-76.64
1947	15.0	22.0
1933	37.6722222222	-97.3783333333
1995	33.539248	-5.105553
1911	39.992727	-82.941123
1894	44.525097	-89.568057
1935	31.979	-81.16
1908	38.348522	-97.199768
2005	-31.6033333333	28.7505555556
1894	43.8	-79.3858333333
1909	45.5289	-122.6839
1997	30.5891666667	76.7036111111
1914	33.0	47.0
1885	37.2494444444	-96.9769444444
1919	50.0	5.0
1958	45.3614	-84.9528
1847	40.5041666667	-78.6375
1933	47.675654	-116.79898
1984	10.416541	77.900532
1859	41.8975	12.4591666667
1982	10.6747222222	78.7441666667
2002	47.628105	-122.518749
1994	37.27676	-82.095038
1913	51.79015	-114.09538
1971	39.0	28.0
1961	36.132077	-86.844066
1940	40.963	-5.667
2000	47.0	45.0
1875	48.8480555556	2.32972222222
1962	46.069426	11.121117
1854	32.35	-86.285
1992	33.29332	-111.79614
1964	37.9566666667	-122.054722222
1994	49.225	-123.108333333
1958	41.3933333333	2.10777777778
1935	20.693671	-103.416331
1969	48.1136111111	-105.192777778
1962	6.51666666667	3.38611111111
1765	39.947454	-75.192356
1953	35.5383333333	138.896944444
1899	35.51394	-97.63092
1977	13.4405555556	144.808888889
1970	-14.3217	-170.7422
1966	38.87416	-94.78312
1968	40.373719	-82.474773
1929	36.0	51.0
1922	0.35	32.5675
1994	0.095	32.5075
1945	41.8761111111	-87.6247222222
1956	42.3349	-85.1772
1992	41.8619444444	12.4797222222
1991	22.802	89.533
1984	27.1305555556	93.7430555556
1996	11.294294	75.873642
1803	42.765454	-71.080009
1926	43.2492	-86.1957
2010	54.8941666667	23.9163888889
1912	34.0	48.0
1745	52.2736111111	10.5297222222
1640	38.7230555556	-9.13861111111
2005	33.0	47.0
1460	47.24	-1.55
1887	35.4099	-78.7403
1889	34.0	57.0
1958	8.91388888889	76.6325
1976	42.2538888889	-71.11
1919	40.0	44.0
1856	18.9271	72.8312
1999	52.295	20.9597222222
1885	35.4844444444	-80.2825
1994	44.039131	-123.074199
2007	55.9313888889	-3.07305555556
1973	57.087	-5.872
1955	40.6858333333	-73.6263888889
1901	41.9027777778	-87.8216666667
1963	26.862228	75.815642
1875	39.18986	-94.68014
1963	40.568	-80.014
1985	10.078603	78.79468
1968	38.764491	-104.786739
1860	40.6554	-73.9457
1989	23.5619444444	120.474722222
1888	36.7616666667	-77.8494444444
1817	50.6408333333	5.57472222222
1929	45.32	-118.092
1926	23.8133333333	86.4419444444
1898	33.4805555556	-86.9088888889
1986	23.5911111111	58.1713888889
1888	42.0	20.0
1961	41.0	41.0
1873	34.258	-85.196
1910	53.0124	-112.825
1895	44.047	-123.0797
1883	44.0	29.0
1888	39.3611111111	-111.583055556
1999	6.33333333333	8.1
1961	33.416	-111.934
1939	38.6343	-90.2379
1835	13.081621	80.278865
1957	13.0076	80.2397
1997	51.0	36.0
1991	9.565	76.6305555556
1979	11.042886	76.867931
1902	32.716853	-117.250686
1854	42.503113	-70.892643
1873	42.336809	-71.099614
1900	14.6041666667	120.994166667
2001	51.4819	-0.1983
1909	43.8155	-91.231
1930	47.7331	-122.2572
1948	36.304093	-76.216847
1909	33.2916666667	-93.2361111111
1962	44.0185	-116.9732
1991	49.0	50.0
1957	-6.89333333333	107.616944444
1960	-13.048	131.033
1897	40.8975	-85.4958333333
1887	39.7572222222	-84.2
1969	3.06472222222	101.616111111
1942	29.083	-110.962
1922	9.2702	76.3219
1996	33.0	18.0
1853	42.0562	-87.6755
1926	17.0	43.0
1945	59.0	55.0
1991	35.793033	-91.615123
1857	35.872	-80.375
2005	38.2467	-85.7522
1961	32.655833	-115.406667
1962	5.1036	-1.2825
2006	33.0	27.0
2003	53.95	-1.0507
1976	32.5375	35.8555555556
1960	13.0	1.0
1919	42.1155	-72.5197
1936	41.9041666667	12.4525
1966	42.0	11.0
2005	1.0	19.0
1966	41.0	41.0
1871	37.86502	-122.25575
1986	38.0	2.0
1966	45.3238	-122.5744
1997	40.9597222222	29.1941666667
1939	42.0	33.0
1841	23.7333333333	90.3833333333
1921	40.1924	-8.4104
1958	42.253005	-71.003177
1973	40.4382928	-3.688209
1965	42.7769444444	-71.5144444444
1996	11.9827777778	75.3641666667
2005	25.3155555556	51.4347222222
1936	45.5265	-122.5766
1955	24.1779605	120.6036615
1979	4.86111111111	-74.0336111111
1962	12.994219	80.247075
1867	35.243	-80.856
1995	13.0	9.0
1948	-33.820448	151.007138
1992	52.4885	-1.8896
1893	43.0447222222	-88.0225
1956	-1.27972222222	36.8166666667
1985	-1.183056	36.926111
1843	52.0	28.0
1970	42.0	31.0
1984	0.283333333333	35.2944444444
1927	37.455	-122.193
1963	28.895	77.3086111111
1960	23.5483333333	87.2913888889
1848	51.8581	-4.3286
1960	39.87591	116.48207
1965	35.0	55.0
2002	51.0	36.0
1997	12.0	20.0
1953	13.0	21.0
1975	37.43075	-122.1093
1837	39.288	-89.872
1997	25.3097222222	55.4905555556
1907	52.489	-113.731
1960	40.8708	-81.44
1913	17.0	3.0
1932	46.3774	48.0531
1969	25.660594	-100.420117
1986	11.9858333333	75.3819444444
1838	43.2619444444	-79.9183333333
1908	43.4719444444	-80.5288888889
1961	28.6925	77.21
1947	14.674417	101.176869
1899	40.896	-83.898
1932	38.83842	-94.54455
1936	38.788637	-121.209496
1970	32.793	-96.777
2000	28.173	112.925
1960	34.125	74.8397222222
1924	16.0	52.0
1854	39.15038	-92.68538
1997	46.224	6.101
1828	51.5915	4.7753
1967	30.0	36.48
1966	47.584964	-122.149304
1917	32.3466666667	-90.2230555556
1833	38.9503	-92.3231
1960	39.826274	-84.910107
1838	42.131392	-72.796005
1996	12.7525	80.1961111111
1862	53.244	-0.537
1996	40.9727777778	29.1519444444
1964	38.81376	-104.75308
1934	37.0	52.0
1963	19.1391666667	72.905
1957	39.2525	-76.735
1933	42.7388888889	-71.4552777778
1886	40.771187	-111.899177
1946	43.1761111111	-71.8222222222
1956	21.497298	83.904026
1972	37.2243	-93.2622
1970	13.8552777778	100.585277778
1886	37.0	23.0
1823	11.9547222222	79.7983333333
1864	38.637	-90.2615
1950	37.23995	-93.28479
1979	12.0	57.0
1994	3.201	101.613
1931	37.60356	-83.43894
1903	46.0	40.0
1938	40.0	44.0
1960	37.0	9.0
1840	39.2894444444	-76.6252777778
1837	34.3313888889	-82.3902777778
1866	30.3453	-81.6847
1965	21.1534	72.7832
1949	15.0	26.0
1958	40.798889	-82.577778
1946	44.1683333333	-93.9891666667
1991	40.0	11.0
1930	50.4276	30.4662
1830	34.0427	-81.0386
1964	30.4747222222	-92.4341666667
1960	23.3716666667	85.3241666667
1919	34.282	-83.148
1949	34.648	-86.948
1985	33.6766666667	-117.777777778
1928	22.8389	108.2845
1965	42.2641	-83.665
1950	50.0	2.0
1951	24.0	50.0
1979	15.0	25.0
1946	23.0	32.0
1998	34.402	113.758
1966	11.712757	78.088208
1962	7.51833333333	4.52277777778
1970	32.0	48.0
1878	37.0	39.0
2001	28.0	37.0
1993	8.5644743	39.29208
1965	32.3758333333	-86.3111111111
1980	17.0	18.0
1961	-1.31	36.8133333333
1947	23.0355555556	72.5425
1977	25.0	25.0
1990	47.2448	-122.4378
1965	43.9694	-84.7642
1987	32.884355	-117.241149
1869	39.335383	-76.869976
1969	39.2444	-119.9388
1868	13.63	123.184166667
1953	9.0	58.0
1953	51.051777	3.72911
1980	45.6033333333	-107.456111111
1927	33.8341666667	-118.135555556
1924	39.112566	-84.554684
1847	40.913472	-73.908498
1984	10.7436111111	78.7938888889
1763	49.4832	8.4647
1962	13.0	42.0
1969	31.6291666667	74.8266666667
2001	32.887	-117.241
1955	12.0	57.0
1962	48.859	2.3037
1957	-6.18	106.45
2001	22.0	31.0
1870	38.8609	-91.9485
1926	41.8741666667	-103.6425
1967	39.0	44.0
1954	-7.27166666667	112.758055556
1962	34.8258333333	-82.3730555556
1792	-22.914	-43.16
1906	-43.538259	172.643189
1920	40.0	11.0
1883	49.9038	-97.161
1984	41.9008333333	12.4736111111
2003	1.31555555556	103.876111111
1994	46.7316	-117.0017
1958	40.309	-75.936
1964	17.0	19.0
1924	35.664478	139.6848
1898	34.2013888889	-86.17
1957	38.6417	-90.46224
1964	17.4266666667	78.4527777778
1965	27.45	94.895
1987	32.83114	-97.10023
1929	11.390845	79.714758
1965	51.0	2.0
1948	29.3961111111	-95.2405555556
1957	15.0	22.0
1965	45.1727003	-93.3526091
1896	38.0113888889	-121.316666667
1952	35.08325	-92.44502
1916	38.9126	-94.5915
1962	51.814	-0.8229
1981	46.4548	-84.6063
1974	32.2777777778	-64.775
1955	10.5306	76.2589
1969	41.8857	12.4623
1962	47.185192	-119.3282
1980	13.0	20.0
1988	-0.196111111111	-78.4355555556
1933	40.0	11.0
1906	34.0	43.0
2005	59.4386111111	24.7713888889
1949	51.4856	-3.1836
1946	-8.05166666667	-34.9508333333
1988	16.7591666667	81.8380555556
1966	27.964	-82.697
1919	43.04199	-76.13441
2003	32.7905555556	-79.9383333333
1896	56.4652777778	84.9502777778
1979	12.0	57.0
1973	-33.8946	151.2285
1900	36.1620705	-81.8756686
1856	41.7166666667	-81.2516666667
2001	23.7802	90.4072
1994	-19.955187	-43.920228
1895	29.427151	-98.54363
1992	17.3488888889	78.3769444444
2002	8.552	76.9379
1910	12.9958333333	77.5988888889
1962	26.245	73.019
1882	51.8777777778	-0.411388888889
1882	16.9375	82.2383333333
1961	22.2491666667	82.9161111111
1951	40.73652	-74.16641
1949	23.0361111111	72.5463888889
1824	38.0	2.0
1886	52.4791666667	-1.90555555556
1968	55.1477777778	-6.67222222222
1985	44.9494444444	-93.0975
1950	40.3702777778	49.8152777778
1915	13.0	4.0
1995	40.0	12.0
1858	42.2334	-87.8297
1935	44.8825	-122.958611111
2002	50.8443	5.6886
1953	-33.486	-70.518
1970	44.7375	-93.0778
1939	43.02214	-85.59264
1919	40.7355	-73.9971
1409	43.2936111111	5.35777777778
1974	43.4105555556	24.6275
1961	42.0	18.0
1967	29.2846	-94.8085
1842	13.0	4.0
1996	45.5074	9.2677
1983	45.52021	-122.68141
1962	24.8586111111	66.9308333333
1882	42.0	26.0
1606	39.217	9.115
1995	23.7636111111	90.4069444444
1948	40.198	-75.236
1947	13.0469444444	80.2536111111
1859	41.8963	-87.6193
1975	52.6238	-1.1245
1965	1.29416666667	103.773888889
1851	38.95762	-92.32658
1957	-7.049	110.438
1991	34.7829	-92.29994
1875	9.971	76.281
1921	38.9875	-76.94
1962	23.0375	72.5497222222
2004	37.0	41.0
1862	6.29916666667	-10.7947222222
1967	41.6930555556	-87.8377777778
1961	33.41833	-82.05037
2005	17.0	52.0
1832	55.0	38.0
1967	44.0089	-86.3371
1976	18.0	1.0
1897	33.0	18.0
1878	47.0	15.0
1943	55.16	61.37
1927	40.018	-75.327
1880	39.1866	-93.8727
1896	30.7694444444	103.984722222
1945	10.512898	78.049858
1959	6.0	51.0
1964	42.7226	-84.464764
1979	12.0	54.0
1979	45.56271	-97.06074
2000	22.0	35.0
1900	41.760132	-71.332394
1873	36.8323382	-81.5234481
1942	47.9231	106.9213
2006	-34.9280555556	138.600833333
1965	37.7191666667	-97.2930555556
1959	55.6779	12.571
1935	40.0	11.0
1996	12.895581	80.121824
1968	32.876	-117.237
1899	47.9213888889	-97.0705555556
1722	47.3125	5.07083333333
1965	53.7972222222	-1.53277777778
1970	13.551884	79.995392
1985	25.2502777778	55.4172222222
1990	28.569	77.3156
1949	34.17577	-118.421097
1936	43.7777777778	-88.4316666667
1978	10.760783	78.816935
1994	-1.401424	36.789923
1989	37.9302777778	46.1436111111
1867	40.103647	-88.226015
1896	33.0	38.0
1970	39.810096	-89.657652
1965	13.0	21.0
1966	29.395164	-94.999516
1990	40.694412	-73.986531
1972	34.3902777778	47.1111111111
1986	13.017091	80.269294
1953	40.80345	-77.86612
1908	10.3225	123.898611111
1970	30.8992	-84.5345
1825	49.0094444444	8.41166666667
1995	43.8544444444	25.9702777778
1867	33.4322222222	-86.1130555556
1995	-37.8529	144.9913
1884	34.735	-92.2905555556
1948	13.0	0.0
1952	45.0805	-83.44509
1972	4.0	46.0
1965	34.547652	-112.45365
1958	35.6991666667	-81.2875
2006	30.0677	31.0202
1920	46.7666666667	23.5833333333
1968	38.43123	-90.9772
1921	40.0328	-75.327
1900	53.370214	-2.9206
1984	17.3846	78.4649
2001	9.5825	76.9711111111
1948	13.6247222222	121.077777778
1980	32.7133333333	-117.153333333
1910	25.4137	81.8491
1886	12.0	56.0
1919	42.0	54.0
1881	42.859577	-97.899213
1980	17.4277777778	78.4425
1943	20.303961	85.839647
2000	-19.484	-19.484
1979	12.157	-68.961
1946	40.8668	-81.4374
1898	31.752529	72.920111
1970	45.191	5.774
1916	33.0	47.0
1965	49.225	-123.108333333
1921	48.16366	11.50938
1952	54.2595	-8.3828
1945	42.9194444444	-85.6922222222
2004	20.3527777778	85.8194444444
1945	17.6166666667	121.716666667
1955	32.7752777778	-117.072222222
1928	35.7626	51.4128
1961	33.561585	-117.772461
1999	19.197854	72.826502
2007	52.0	8.0
1954	43.0	0.0
1997	26.248468	78.174592
1978	42.8083333333	-71.4833333333
1984	28.69832	77.15265
1966	11.028728	77.023838
2002	31.0	0.0
1983	19.57831	74.44563
2003	22.0	27.0
1908	53.3119444444	-6.26138888889
1930	43.0757167	-89.4023
1958	15.3425	38.9275
2000	51.894973	-8.475158
1991	29.754	79.427
1964	19.0	6.0
1902	32.0319444444	118.836666667
1917	38.6481	-90.31162
1879	47.1683333333	27.5847222222
1965	55.9833333333	37.2083333333
1975	37.382281	-122.187542
1984	12.0	0.0
1926	14.6427777778	121.077777778
1997	37.7793	-122.4146
1897	50.66831	4.61244
1935	54.6968	25.2613
1965	54.7641666667	-1.58611111111
1830	39.9569	-82.9405
1998	19.0	8.0
1924	42.765454	-71.080009
1946	37.5419444444	127.076388889
1953	39.908	-75.389
1977	45.591	-121.189
1996	13.017005	80.260963
1957	39.39603	-92.42714
1889	7.04	-9.554167
1971	52.5179	-1.8945
1954	14.6589	120.9765
1891	35.0691666667	-82.3722222222
1951	41.669866	-87.495593
1858	39.73048	-91.39196
1853	40.1295	-91.5309
1893	45.2083333333	-112.638333333
1842	52.176	0.142
1962	42.0	27.0
1889	39.10807	-93.19044
1981	45.4566	-123.8137
1967	55.783584	-3.967545
1936	37.67	-95.4641666667
1976	30.4711111111	31.1816666667
1961	14.0	39.0
2007	20.27	85.84
1951	13.053889	80.259622
1952	50.8374	5.7159
1910	7.86472222222	125.050833333
1945	40.850494	-73.92943
1842	32.6237	-87.3211
1968	7.1625	100.609722222
1992	8.64166666667	99.8972222222
1967	40.7077777778	-89.525
1957	39.5605555556	-76.2838888889
1984	40.2452777778	-111.684166667
1901	38.0313888889	-78.4988888889
1978	13.9102777778	100.536666667
1951	4.5996	-74.0727
1910	38.63738	-90.23577
1943	48.8904	2.3426
1965	56.714528	-111.347748
1929	49.8230555556	24.0375
1908	7.0	5.0
1968	26.1	-80.122
1627	41.8994444444	12.4597222222
1976	45.5030555556	-73.615
1827	43.6616666667	-79.395
1878	45.5030555556	-73.615
2003	24.0	26.0
1907	15.7326606	120.9309769
1962	22.242629	91.83912
1908	38.03665	-84.50719
1966	53.84855	-1.64809
1969	39.1497222222	-84.5366666667
1885	38.3399	-87.3518
1956	38.0334	-84.5104
2002	-0.1671	35.966
1963	42.0	35.0
1973	42.0	19.0
1911	53.35017	-110.8648
1969	12.9347222222	77.6052777778
1854	27.1869444444	78.0063888889
1994	23.794458	90.401586
1891	37.4368	-79.1718
2003	23.794	90.4035
1845	31.0665	-97.46405
1984	53.559	-113.443
1997	11.7183333333	78.0780555556
1990	47.3958333333	-94.6513888889
1897	45.51806	-122.6825
1565	52.2701	-3.0024
1996	13.0	6.0
1991	31.3377777778	72.3725
1994	-25.2786	-57.5994
1994	12.8694444444	80.2158333333
1957	32.8557519	13.2212842
1991	15.0	17.0
2003	40.7661111111	-111.890833333
1960	37.0	37.0
1936	19.044257	72.912494
1980	12.0	48.0
1970	48.7880555556	2.44416666667
1941	13.612757	100.758124
1938	14.0	36.0
1951	14.4516666667	75.9175
1912	14.5791666667	120.994166667
1957	57.4361111111	15.1972222222
1958	44.6523	-72.3823
1996	19.199167	84.744722
1915	40.0223	-75.3137
1970	29.14	75.7
1992	41.0	2.0
1970	52.942	-1.186
1983	45.4456	9.1744
1946	43.094778	-75.271754
1858	23.7102777778	90.4111111111
1999	28.6755555556	77.1127777778
1991	23.8882812	90.3908756
1913	41.878	-87.6275
1923	51.75943	-1.2546
1967	47.6766666667	-117.464444444
1888	56.4566	-2.9828
1921	35.581	139.408
1998	47.3647222222	0.704444444444
1829	8.506392	76.952244
1995	12.960277	80.057448
1955	-0.914444444444	100.4625
2004	29.3438888889	48.0830555556
1884	42.0	20.0
1953	16.4394444444	97.6505555556
1989	-33.3561111111	151.377777778
1992	25.2508333333	55.4166666667
1997	12.0	48.0
1995	42.984327	-85.596544
1960	17.0	18.0
2005	18.764847	73.505573
2000	8.965	76.6202777778
2005	6.09055555556	-0.263333333333
2000	5.0	33.0
1993	16.8563888889	96.2194444444
2004	26.165	50.5455555556
1979	22.5384	72.9729
1996	12.0	55.0
1988	44.9375	-123.034166667
1807	42.326411	-71.191063
1997	52.231667	21.006389
1974	5.77583333333	-0.138888888889
1978	31.5336111111	35.0972222222
1850	13.08044	80.265561
1963	34.535	69.1197222222
1977	13.6752777778	-89.2569444444
1989	69.0144444444	23.0372222222
2000	13.1394	79.8723
1971	50.1303	8.6925
1959	45.4913888889	-73.5813888889
1972	16.0	49.0
1944	25.0	0.0
1857	42.2496	-87.8285
1963	34.2422222222	-79.8127777778
1997	41.0002777778	29.0469444444
2001	32.8713	-80.0339
1963	44.0	8.0
1854	37.0	52.0
1999	20.5527777778	86.0002777778
1961	43.2122222222	27.9211111111
2007	10.6572222222	78.7461111111
2007	11.1675	76.9491666667
1955	23.7588888889	90.3997222222
1996	-17.3251	31.3326
1994	57.7782	14.162
1992	54.6825	25.2872222222
1858	50.0	51.0
1973	40.743447	-74.191798
1987	13.009947	80.218228
1996	13.047299	80.142303
1927	53.538696	-113.457865
1871	37.9697222222	-122.565555556
1980	17.0	53.0
1959	51.0	13.0
1945	16.417222	120.596667
1956	38.775574	-90.294721
1963	34.0188888889	-118.033611111
1895	42.0	39.0
1970	53.809325	-1.532115
1990	8.13333333333	4.26666666667
2003	17.0	16.0
1981	19.3638	84.7652
1997	37.355	-5.938
1968	31.988548	-81.021223
2006	31.2748	120.73807
1963	16.0	10.0
1979	15.0	48.0
1998	25.4175	55.4997222222
1977	13.1225	80.0455555556
1907	45.5105555556	-122.761944444
2009	22.312602	39.11047
2002	23.75442	90.37258
2005	1.0	22.0
1928	33.772479	-84.391375
1921	51.034216	-114.193332
2007	33.7166666667	-117.831388889
1993	25.1036111111	55.1647222222
1993	34.73161	-87.67802
1967	40.6725	-75.3234
1952	18.4241666667	73.7583333333
2001	49.2675	-123.091666667
2001	11.81207	79.77805
1997	14.0	41.0
1982	20.967476	85.277494
1994	19.10565	73.0073
1999	12.0	52.0
1963	15.0	52.0
1953	47.6	11.0833333333
2002	22.23564	84.826598
1994	32.0613	75.4411
1996	12.0	18.0
1969	46.5202777778	6.56555555556
2000	52.0	28.0
1893	43.1013	-77.526
1940	13.63	123.184166667
1977	40.7812	-73.6003
1916	13.0	80.247
1772	51.0	36.0
1910	14.0	9.0
1981	8.685906	77.725879
1923	35.3255	113.9072
1975	36.21409	-94.23677
1902	25.2539	81.5044
2003	24.0	53.0
1965	30.85	-87.78
1975	40.1844444444	44.525
1992	13.457	79.175
1965	43.2532	-85.1001
1994	-37.8343	144.9598
1911	26.867716	80.916626
2002	13.0294444444	79.21
1967	32.2407	-110.94604
1960	6.0	11.0
2004	29.8022	121.5592
1958	41.3914	2.1118
1799	50.0	6.0
1948	12.0	58.0
1985	17.0	20.0
1944	37.7863888889	-122.219444444
1986	38.83333	-90.83271
1936	49.0561111111	-122.336944444
1981	32.4680555556	14.5672222222
1925	38.647	-90.30568
1923	39.2769444444	-94.9066666667
1984	27.1472222222	93.7669444444
1934	6.7075	80.0686111111
2004	18.0072	76.7813
1956	21.4207	80.9786
1926	40.43656	-79.98908
1962	-38.1894444444	144.303888889
1936	11.8352777778	119.993333333
1958	19.0	54.0
2008	25.0	33.0
2002	18.5177	73.8148
1868	20.0	27.0
1999	21.491389	86.931944
2002	13.0	7.0
1971	44.7952777778	-0.616388888889
1995	44.7977777778	-0.618055555556
1519	45.7705555556	3.08861111111
1981	42.2991666667	9.15333333333
1923	41.6497222222	41.6269444444
1993	12.8608333333	79.7336111111
1956	10.355735	76.2122631
1995	3.7468	8.7752
1959	34.7425	-80.7825
1882	12.9627	77.5971
1971	3.0	59.0
1818	48.7114	9.2095
2006	44.867291	13.854044
1959	40.4195	-86.9148
1289	43.633	3.87
1941	37.9716	-103.54538
1961	35.17221	-92.7295
1958	18.0083333333	-92.925
2001	44.0708333333	-121.345
2001	33.37603	-111.99275
1954	36.338	127.446
1982	-20.9016666667	55.4838888889
1994	48.269155	4.067087
2004	15.3908333333	73.8775
1906	37.6434	127.1058
1959	6.0	45.0
1971	40.0	11.0
2005	46.6055	-120.4564
1997	53.808	-1.553
1976	23.031661	72.536325
1854	51.535699	-0.13602
1994	11.9377777778	79.7636111111
2009	38.553147	-121.452528
1945	3.0	22.0
2005	-23.644957	-46.528012
2000	13.0505555556	80.0761111111
1994	68.8036111111	16.5466666667
1993	42.3529	-71.0642
1997	13.0	2.0
1979	14.0	26.0
1972	33.828	-79.124
1963	38.62724	-90.33558
1995	8.433	-82.451
1956	33.9877777778	130.934722222
1924	34.2558333333	-90.5697222222
1918	66.197516	13.028877
1997	38.0	20.0
2007	30.663611	76.7275
1986	22.7296	120.4079
1908	33.0	18.0
1922	36.5492	139.9139
2007	31.8108333333	47.1758333333
2000	31.0505555556	46.2208333333
2005	25.2222222222	55.2891666667
1942	33.95168	-118.3756314
1959	39.3247222222	-81.5369444444
1998	34.4236111111	35.8325
1934	25.5702777778	91.8897222222
1920	46.987908	32.002316
1992	35.14575	-90.22292
1868	41.15362	-87.87614
1980	13.0	57.0
1997	-27.5411111111	153.065277778
2003	33.3827195	-111.7040706
1981	32.778	-117.155
1921	40.0	11.0
1927	8.485695	124.656522
2000	38.52466	-90.47628
1995	56.1294444444	9.0275
1966	44.4908	-84.4144
1964	16.0	49.0
1943	43.743	-79.413
1965	35.280952	-81.493022
2002	24.0	39.0
2006	39.9201	-86.2209
1990	48.6691605	6.1544757
1965	38.834138	-77.236692
1908	11.2483333333	125.007222222
1925	40.07807	-93.6183
2004	10.3916666667	124.979722222
1998	18.2495	42.5597
1994	26.625	127.975
1965	53.54334	-113.5065
1999	55.27454	-114.77736
1968	54.76599	-111.96862
1908	15.446938	120.939517
1998	38.8328	-104.81441
1949	51.53	-0.8
1995	24.909221	91.901986
1939	24.8464	89.3566
1866	38.80154	-90.66011
1923	43.02	-83.6725
1836	45.3715	-71.8424
2001	10.995504	76.773427
1952	43.0829	-77.6772
1990	50.08674	14.406034
1956	27.692701	68.87018
1961	15.0	9.0
1954	50.8380555556	4.40861111111
1945	34.0	11.0
2007	40.5341666667	-111.893888889
2007	38.621	-121.519
2008	37.373	-121.999
2007	32.7813	-79.9271
2008	46.73083333	-117.16694444
2007	34.0	43.0
1993	30.0	15.0
1922	34.0	46.0
2006	12.0	56.0
1911	34.8586111111	135.676111111
1929	34.0	44.0
1971	34.0	38.0
1965	35.0702777778	135.758333333
1905	33.0	47.0
1963	12.975	77.7388888889
2003	36.0994444444	44.6480555556
2005	36.1919444444	44.0375
1987	32.0005555556	44.8786111111
2007	31.3386111111	45.2888888889
1993	30.5441666667	47.7883333333
1869	-0.210555555556	-78.4888888889
1885	33.7769444444	-84.4005555556
1996	33.3	44.4444444444
2002	16.9472222222	96.015
1964	16.0	50.0
1964	16.8244444444	96.1411111111
1988	33.315	44.4283333333
1988	33.3641666667	44.4072222222
1927	52.5277777778	-106.728611111
1999	33.6788888889	44.5983333333
2004	33.2666666667	44.3558333333
2005	33.3786111111	44.3358333333
1988	33.3180555556	44.3605555556
1993	-34.5716666667	-58.5136111111
1996	33.3408333333	44.3347222222
1852	44.54515	-122.90825
1960	22.438619	88.400024
1947	37.615	127.013
1981	45.3216666667	-122.768055556
2005	34.7114	36.2943
1997	13.079847	80.171989
1927	39.41852	-92.45497
1926	36.06531	-94.17434
1701	55.6862	12.6066
1924	39.6444444444	-77.4211111111
1971	46.199	6.137
996	12.870636	80.22029
1909	14.0	9.0
1964	38.0	59.0
1946	36.06868	-94.17268
1912	36.068681	-94.176012
1961	37.0	16.0
1930	54.1669444444	37.5863888889
2003	51.5327777778	-0.472777777778
1995	3.13555555556	101.687777778
1972	45.5166	-73.5204
1971	-33.109499	-64.300511
1943	8.50472222222	76.9322222222
1987	34.832	137.1936
1963	36.0	35.0
1975	-39.5468	176.8385
1963	35.0	41.0
1950	35.0	41.0
1994	35.0	41.0
1779	37.2652777778	-76.705
1965	35.932583	139.341667
1964	38.0	14.0
2000	25.0	7.0
2008	18.5177	73.8148
1913	36.06705	-94.17138
1996	9.84553	76.74096
1960	45.0580555556	-93.2258333333
1989	36.35824	-94.17249
1985	30.2915	-81.5044
2004	51.489961	0.065811
1922	39.71183	-77.49943
1940	36.06949	-94.17156
1948	33.5052777778	-86.8002777778
2001	10.7294444444	106.695277778
2008	53.0	0.0
1914	46.86131	-113.98468
1970	52.5828	-1.1168
1928	34.045	-118.309
1994	10.9011111111	76.9027777778
1986	33.7208333333	73.0333333333
1910	9.44027777778	118.558333333
1998	20.469606	85.851567
1948	50.8457	5.6866
1808	44.807237	20.47209
2008	1.327	103.854
1995	19.0	2.0
1986	35.7505555556	51.5875
1964	8.92805555556	76.9169444444
1934	14.07559	100.61722
1982	49.8894444444	-97.1536111111
1827	17.0480555556	-96.7122222222
2007	48.0	16.0
1976	30.6227777778	32.275
1937	42.35	-71.7858333333
1996	11.588	104.9301
1879	32.0	45.0
1995	12.945438	80.20792
2006	22.419	114.21
1954	48.4580555556	8.94416666667
2008	52.3554	4.9518
2008	-1.530666	37.262446
1985	53.8132	-1.5333
1897	30.5141666667	117.048055556
1997	-1.287013	36.837603
1991	21.9725	96.1861111111
2000	16.3047222222	80.4086111111
1897	37.4963888889	126.9575
1964	41.9658	-86.0826
1957	34.0586	-117.8228
1964	35.485729	-86.420983
1904	14.5972222222	121.010833333
1981	19.575722	74.437823
1996	17.8275	83.3433333333
1987	17.8988888889	83.1522222222
1922	17.3625	82.5438888889
1956	24.2269444444	120.58
1988	48.3694444444	-4.52611111111
1854	53.363614	-6.255598
1713	55.672129	12.525295
1951	55.753375	12.34607
1964	34.934928	-80.994657
1950	51.4	21.1666666667
1906	16.3633333333	80.8491666667
1927	-37.8073	144.9653
2003	42.5289	-121.6839
1887	38.22	-98.2077777778
1986	-33.889	151.2025
1965	17.3930555556	78.5441666667
1856	38.9880555556	-76.9447222222
1953	55.1372222222	36.6063888889
2008	30.9755	76.5395
1996	51.989	5.9493
1971	41.2641666667	-111.964722222
2009	31.7738888889	76.995
2008	20.0	18.0
2004	30.0347	31.4295
1974	38.0	39.0
2001	22.1219444444	-100.984444444
1975	38.0	39.0
1947	13.9494444444	121.621944444
2006	33.42152	-111.93534
1898	13.611	100.592
1981	9.023	-79.531
2006	45.5208333333	-122.976666667
1967	45.5494444444	-122.565277778
1994	-7.76	110.408611111
1926	17.0291666667	81.7783333333
2000	31.1117	77.1401
1952	-22.942072	-43.179424
1984	-1.35138888889	36.7569444444
1980	21.4463888889	39.2080555556
1975	36.05489	-91.89528
1992	1.0	18.0
1869	-34.6008333333	-58.6030555556
2001	20.639333	85.583108
1836	17.9885	-76.7877
2003	48.2422222222	16.3530555556
1921	11.2377777778	125.001388889
1933	38.26248	-104.63765
2008	37.5419444444	127.076388889
1953	52.113318	21.115519
1890	39.67878	-104.96454
1884	40.4299	-86.916
2004	13.3377777778	77.1202777778
1984	9.5743	77.6761
1972	47.0	13.0
2001	-17.353	30.206
1712	55.0	52.0
1862	55.9	-4.319
2004	33.715	-117.989444444
2000	21.0	53.0
1927	30.6941666667	-88.0575
1997	26.0	8.0
1998	28.613097	77.359473
1996	33.8986111111	35.4891666667
2007	1.29805555556	103.848888889
2009	36.0	39.0
2001	12.8661111111	80.2208333333
1854	50.0	38.0
2004	21.4327777778	40.4938888889
1981	39.8136111111	-75.4838888889
1964	42.0	27.0
2006	20.2949	85.7437
1993	19.9844	110.3293
2008	13.046186	80.217968
1962	43.2238888889	27.9361111111
1952	10.091968	78.794758
1977	9.0	18.0
1986	-34.597447	-58.415969
1823	19.2583333333	-99.1505555556
1964	32.8815	-117.235
2002	32.874	-117.236
1969	51.50021	-2.54749
2008	53.0	14.0
1991	38.6367	-90.23171
1981	28.0	32.0
1961	45.5127777778	-122.685277778
1930	38.6367	-90.23171
1927	38.63626	-90.22968
1881	34.0	28.0
1898	34.0	15.0
1901	34.0	15.0
1897	33.9375	132.190555556
1987	12.7179	77.86986
2006	53.4844444444	-2.27138888889
1923	37.3391666667	-95.2552777778
1881	43.721	7.253
1976	29.0813888889	31.1005555556
1994	32.9366666667	35.0863888889
1974	4.075	-73.5852777778
1891	47.61007	-122.319
1988	13.07232	80.180535
1953	32.7865	-79.9485
1899	45.4988	-122.685
1922	39.74406	-104.83598
1932	42.3379	-83.0864
1962	38.0315	-84.5063
1899	29.8888888889	-97.9388888889
1964	50.6408333333	5.57472222222
1891	45.57182	-122.72431
1999	12.0	12.0
2004	51.50021	-2.54749
1868	42.9717	-82.4515
1989	32.92623	-85.94649
1994	11.101768	76.966435
1998	38.8856	-77.1668
1986	25.2502777778	55.3083333333
2000	14.6388888889	121.077777778
1991	17.0	49.0
1953	41.077523	-81.517761
2010	33.41891	-111.93719
2006	14.2122222222	121.1675
2008	34.8966666667	-82.4583333333
2002	14.69	120.97
2007	20.3486	85.8195
1965	43.5866666667	-120.976388889
1973	14.0	28.0
2006	25.5955555556	85.0863888889
1950	37.9308333333	58.3872222222
1968	22.0	32.0
1965	9.0294	-79.5209
1994	12.997841	80.248464
2006	22.963767	88.524613
1909	41.9583333333	-86.3611111111
2003	30.0	24.0
1968	39.6413888889	-75.9563888889
1964	23.0	43.0
1495	57.1652777778	-2.10111111111
1998	9.0	0.0
1881	39.08203	-94.577
1962	-8.79888888889	115.171944444
1976	19.28	-99.171
1960	28.239483	83.990192
1861	53.4088	-2.9673
1925	44.031944	-123.153611
1893	-23.555	-46.7297222222
2009	26.14174	43.731889
1974	48.5530555556	-113.009444444
1962	45.7718	-87.0859
1972	34.16041	-99.315627
1930	19.13334	72.854022
2001	24.2979	56.7803
1885	33.417195	-111.936511
2009	12.0	56.0
1978	41.0288888889	-111.925
1884	53.2289	-4.1301
1904	14.0	6.0
1994	41.8973	-87.6271
1999	12.825752	80.042833
2003	38.521465	-90.008994
1999	11.2855555556	75.77
1997	28.9735	77.6404
1918	44.9363888889	34.1341666667
1964	33.0	46.0
1955	32.9659	-79.9678
1888	40.7616666667	-89.5991666667
2003	29.3602777778	47.9997222222
2001	12.9011111111	77.5180555556
1978	49.503259	5.948442
2008	19.333882	84.899108
1972	51.9561111111	7.62694444444
2000	12.0	58.0
1963	34.8276	-82.4478
2001	13.037409	80.075124
1956	10.772677	79.243339
2006	17.0	1.0
2009	38.0	15.0
2004	37.3688888889	46.0502777778
1972	23.794	90.4035
2001	12.764036	80.201673
1908	39.68066	-104.9648
1974	-37.3288888889	-59.1383333333
1966	38.9308333333	-104.814444444
1971	50.810281	19.115851
1992	50.0	36.0
2001	0.44	33.2375
1930	48.0	27.0
2004	12.0	51.0
1978	-34.5988	-58.3724
2007	-33.7730555556	151.117777778
1901	45.549285	-122.563149
1881	52.939	-1.197
1971	-26.1908333333	28.0302777778
1995	7.0	18.0
1934	26.0	11.0
1993	10.1702777778	76.4386111111
1937	44.81174	20.455058
1609	15.31	74.0013888889
1707	50.0	6.0
2008	17.0	32.0
1868	32.4363888889	-80.6691666667
1970	40.579	-83.0894
1957	-34.616696	-58.381726
2009	17.5608333333	78.1633333333
2008	34.7227777778	-86.6386111111
2010	10.5232	76.2171
1968	55.4047222222	10.3883333333
1991	-20.165	28.642
1879	47.0	32.0
1999	11.2422222222	49.2019444444
2003	22.953108	88.377129
1899	41.0	42.0
1899	41.0	38.0
2011	31.8566666667	64.2208333333
1950	17.9982	-76.7814
2006	19.9944444444	41.4833333333
1950	35.0	43.0
2002	18.609912	73.755029
1950	35.0	40.0
1974	-17.6154	177.4846
2009	28.0	44.0
1928	36.0662	-94.1743
2006	41.4241666667	33.7705555556
2009	18.0	0.0
1975	14.4506	120.9851
2010	-18.1416	178.4419
2003	16.0	21.0
1961	32.7583333333	21.7122222222
1972	38.5684	-90.4205
1991	49.6008333333	20.6905555556
2008	17.73738	83.338519
1920	35.0	42.0
2006	12.0	51.0
1980	13.0	20.0
1838	44.817952	20.457909
1894	44.805741	20.476247
1808	44.818976	20.457116
1892	47.0	22.0
1934	41.4738888889	-71.2991666667
2009	1.29027777778	103.849444444
2009	51.4	21.1666666667
2000	-33.9158	151.2252
1990	22.834573	86.195984
1939	8.48972222222	76.9563888889
1955	36.73118	69.539967
1928	14.6038	120.9855
1978	19.163	74.223
1963	32.8216666667	-117.135833333
1915	59.0	25.0
2006	28.4639508	77.4870004
1986	2.8136	101.7583
1983	13.9719444444	121.686111111
1982	42.0	20.0
1920	39.0949823	-84.6379503
2010	23.0	23.0
1988	34.0	8.0
1957	53.3336	-6.2299
1980	12.0	57.0
1858	39.8598525	-95.2712458
2000	50.397859	30.5134
2008	13.1575	77.5608333333
1887	-37.8088	144.9652
1987	37.0	48.0
1982	9.03944444444	126.216111111
1970	3.35388888889	-76.5227777778
1944	48.2914	25.9322
1986	35.7830555556	51.4930555556
1976	28.1244444444	30.7341666667
1996	40.6641	-4.6985
2010	39.69133	-104.82683
1992	42.926375	129.524957
2006	31.1138888889	33.6902777778
1964	33.0	53.0
1872	42.0	44.0
1908	38.0386	-84.5043
1975	59.2219444444	39.8963888889
1879	34.74805556	-92.32083333
2008	13.038964	80.044928
1996	37.0	33.0
1971	38.7685	-90.2874
2007	38.5746	-90.6484
1961	33.982	-6.862
1923	14.0	25.0
2006	42.0016666667	21.4347222222
1940	37.5508333333	127.073888889
1994	32.8514	74.7793
1946	46.86256	-113.98766
2009	46.86007	-113.9852
1913	46.85808	-113.98416
1854	10.970819	79.381515
1995	45.4186111111	12.3572222222
1999	13.037746	80.053822
1912	42.33225	-83.03757
2006	8.59944444444	76.9694444444
1961	-7.049	110.438
1968	17.0780555556	-96.7444444444
2001	52.0	11.0
2010	13.063327	80.234334
2005	12.8694444444	80.2158333333
2009	40.463011	19.489134
2009	51.4	21.1666666667
1959	43.6241	-70.2518
1838	37.540341	-77.429152
2008	-12.8383333333	28.0855555556
1868	38.94535	-92.3297
2003	10.7294444444	106.695277778
1978	4.40021	-7.69655
1965	-22.2572222222	-45.6961111111
1971	57.6454	-3.3162
1583	55.922778	-3.175
1983	24.73	46.704
2008	40.8261111111	29.3222222222
1951	51.4	21.1666666667
1966	39.5611111111	-79.3422222222
1896	45.8086111111	15.97
2001	19.3858333333	-99.1608333333
1970	40.0066666667	-105.267222222
1962	0.0	28.0
1425	50.878	4.7
2011	29.2197222222	78.9597222222
2001	19.206527	72.874761
1962	12.0	31.0
2004	18.484089	73.931623
2011	10.6636111111	78.7447222222
2006	35.3188888889	40.1105555556
1870	41.9999	-87.6578
2005	12.939114	80.128213
1969	35.191548	-87.007787
1984	48.4844444444	-108.758888889
1984	48.29	-109.869722222
1992	12.854314	80.239372
1988	-8.12722222222	-79.0316666667
2010	40.2225	44.5527777778
2000	28.457543	77.497748
1893	18.5236	73.8478
1764	45.4349	10.9928
2009	22.98	88.48
2000	19.2675	73.1295
2003	11.5547222222	104.928333333
1945	18.5117	73.8391
1939	33.873159	35.5669285
2010	11.0130555556	76.9902777778
1957	20.82984	85.103252
1961	27.0	2.0
2007	28.6641666667	77.2325
1992	37.9422222222	34.6236111111
2004	12.0	55.0
1959	-7.33333333333	112.789444444
1953	39.03296	-94.58121
1992	12.956634	80.160896
2008	12.0	59.0
1999	28.457543	77.497748
1894	40.138252	-87.644872
1921	53.559	-113.444
1982	51.4522222222	7.35694444444
1999	25.430854	81.770607
2005	51.2797222222	1.08916666667
1969	33.5944444444	-84.3283333333
1936	19.5005555556	-99.1397222222
1855	37.7794444444	-122.451944444
1960	39.3044444444	-81.5341666667
1971	51.6054	-0.6374
2007	51.88333	0.9
2006	13.054918	80.068963
2000	12.972466	79.977253
2000	12.81824	80.228509
2009	9.0	59.0
2001	20.227776	85.670657
2001	13.136981	79.997442
1999	11.9147	79.635664
1981	8.1816	126.362
2007	40.9252777778	29.1544444444
1968	10.0	22.0
2007	1.29556	103.85012
2001	14.0	26.0
1984	36.792118	-76.343881
2003	22.305	73.395
2005	40.2755555556	-111.731111111
1974	19.5030555556	-99.1869444444
2001	19.0	8.0
1976	20.27	85.84
2008	12.0	18.0
1996	13.018513	80.108163
1965	35.221642	-88.319049
2006	19.0	8.0
1956	21.637265	85.621219
1968	20.344466	85.815325
1857	47.5080555556	19.1247222222
2008	26.467	80.35
2003	27.0	28.0
1982	22.240425	84.813455
1952	58.3663888889	25.5972222222
1965	8.509814	78.11849
1971	-14.445	28.4672222222
1999	20.639333	85.583108
1991	9.0037	-79.512
2000	13.0	5.0
1946	-35.2818	149.1201
1970	24.772	46.725
2009	22.573095	113.95542
1909	42.0	20.0
1991	42.329453	-122.876405
2005	26.1019	50.5512
1995	14.6466666667	121.055555556
1961	22.225568	84.807909
1984	22.263998	84.821663
2011	0.313611111111	32.5891666667
1837	28.0	21.0
2005	12.0	51.0
1996	36.6502777778	51.4419444444
1995	6.31037	-10.80101
1946	10.0	23.0
1988	6.2978	-10.7939
2000	18.466996	73.836105
2007	13.0519444444	74.9647222222
2004	29.2752777778	48.0508333333
1997	13.0	8.0
1992	35.0	42.0
1962	20.4753759	85.8958769
1963	32.3502777778	-86.3430555556
1961	34.7719444444	-86.5738888889
1969	31.3225	-86.4527777778
1963	31.4616666667	-86.9644444444
1996	25.0	31.0
1998	15.6008333333	32.5277777778
1986	34.7505555556	-86.595
2006	21.4877777778	86.9452777778
2011	52.0	48.0
2003	12.107	-68.9272
1999	13.092149	79.973044
1990	13.147815	80.058505
2011	44.5492	-122.9104
2001	14.5977777778	121.009722222
1965	12.670871	79.980128
1999	12.22	79.07
2004	8.9846	76.7647
1957	6.6921015	-1.63288594
1992	64.2158333333	27.7094444444
1991	50.0	5.0
2009	32.7775	35.0216666667
2003	19.9233	102.1864
1948	41.0666666667	-104.1825
1897	17.9969	-76.7839
1920	45.8161111111	16.0119444444
2001	25.1672222222	80.8338888889
1978	19.5729	73.4641
1988	31.9427777778	5.29861111111
1967	14.6388888889	121.077777778
2010	37.1138888889	42.6736111111
1962	38.637	-90.265
1989	33.0	21.0
2002	32.6091666667	44.0030555556
2003	31.0	33.0
1998	12.92	80.24
1998	13.0652777778	80.1105555556
2001	12.9991666667	79.9816666667
1923	42.0213888889	23.095
1985	13.7805555556	100.509166667
1959	48.87403	2.38192
1945	42.1383333333	24.7355555556
2008	13.323407	80.152771
1991	50.0842147	14.4411958
1994	38.470966	-78.879519
1948	7.01833333333	125.090277778
1920	51.5272	-0.195
1971	13.0138888889	80.2211111111
1974	33.6427777778	-117.838333333
2007	13.036466	80.014785
2010	25.7877777778	93.7744444444
1896	31.2008333333	121.429722222
1926	34.0313888889	-117.989166667
2011	42.0	13.0
1991	48.0	58.0
2001	13.0558333333	80.2266666667
2004	38.8069444444	-77.0875
2008	18.5219444444	73.83
2003	13.010979	80.235426
1991	25.789488	89.978899
1997	-1.181058	36.927226
1994	23.893906	121.543577
2009	24.147	47.272
1899	45.52891	-122.65983
2001	18.519113	73.8159961
1885	42.3662	-71.0547
2001	39.902368	119.540168
2010	13.7805555556	100.509166667
1942	27.2113888889	88.5211111111
1995	13.135494	80.045346
1966	10.0	33.0
2003	10.9011111111	76.9027777778
1994	11.82	79.42
1998	9.17694444444	77.4244444444
2004	50.0	4.0
2003	9.0	58.0
1972	-27.4947	153.0142
1966	4.0	36.0
1949	24.2344444444	88.265
1999	44.818441	20.457422
2009	10.81	77.0111111111
1964	35.7547222222	51.4061111111
1995	27.105472	88.323571
1998	-31.93846	115.84413
2001	13.0011111111	79.9602777778
2008	31.0	0.0
2009	33.0	43.0
1992	13.1161111111	79.9930555556
1998	13.1177777778	79.9916666667
2011	10.0	4.0
1924	22.0	33.0
2001	28.448515	-81.399679
1991	17.0261111111	81.7755555556
1996	2.24888888889	102.276944444
1969	20.956027	85.221578
2007	13.1513888889	79.8488888889
1975	13.055	80.2272222222
1980	35.7805555556	51.4925
1978	43.60717	1.44231
1996	33.0	40.0
1948	44.805741	20.476247
1997	19.206527	72.874761
2000	12.1075	-68.9368
1969	35.096501	-85.240303
1968	1.0	17.0
1975	20.822785	86.500125
2006	37.547348	126.949886
2005	20.299996	85.866544
1989	20.922764	85.153661
2006	12.0	52.0
1971	11.301477	77.698132
1946	20.838087	86.311973
1987	20.303025	85.809671
1983	20.328913	85.872263
2002	12.667624	79.98476
1979	9.934295	78.139122
2005	28.8909037	76.5796208
1897	31.0	24.0
2009	8.73666666667	76.8344444444
2001	42.0	59.0
1939	10.7302777778	122.548888889
1951	58.3811111111	26.7202777778
2000	28.634	77.446
1990	52.4452777778	30.9922222222
1948	10.0	59.0
1991	10.9444444444	76.8994444444
1975	38.94286	-92.32954
1859	38.94615	-92.33014
1965	32.3758333333	-86.3111111111
1979	22.1458333333	-80.4363888889
1950	26.518	88.7308
1860	17.0	42.0
1969	20.29263	85.841589
2007	13.0	1.0
1957	13.1255555556	80.1161111111
1960	-32.898624	-68.811697
2008	10.9780555556	79.8455555556
2010	33.0	27.0
1998	12.8661111111	80.2208333333
1948	17.605616	120.612094
1967	7.05611111111	125.568888889
2008	10.934613	76.794945
1906	55.6472222222	37.4902777778
2001	12.8661111111	80.2208333333
2010	39.8105555556	-86.2027777778
1962	34.6422222222	-82.7919444444
1975	43.897088	20.344824
2007	26.0	33.0
1915	49.0	16.0
2008	13.1863888889	79.6455555556
2001	12.0	54.0
2010	13.2125	80.0713888889
1999	12.8641666667	79.66
2008	13.2625	80.1063888889
2004	21.0018	79.0251
1971	31.1113	77.1376
1995	9.2702	76.3219
1997	13.1233333333	80.17
1550	41.5877777778	-3.06583333333
1988	10.721895	79.049689
1982	51.0	30.0
2007	11.3666666667	78.2333333333
1992	13.0552777778	80.2502777778
1982	20.309757	85.819724
2001	3.12083333333	101.656388889
2006	28.3844444444	36.4811111111
2009	10.8530555556	77.035
2008	10.9997222222	77.0841666667
2006	42.446119	19.256479
1968	44.773663	20.475832
2005	42.458515	18.513313
1960	42.44615	19.257037
2007	42.417532	19.202832
1963	42.774298	18.954773
2006	42.443387	19.242505
1988	42.388084	18.928047
1997	42.436594	19.244565
2005	28.333546	45.965495
1998	12.116747	79.615261
1988	-17.838	31.008
2007	42.436594	19.244565
1997	42.387989	18.926577
1961	42.44372	19.243915
1959	20.641469	85.614968
2008	13.126	77.62
1980	42.386943	18.926154
1963	42.443015	19.240595
1978	42.443015	19.240595
1972	42.446119	19.256479
1973	-17.6783333333	15.2963888889
1980	42.443609	19.240938
1993	40.431355	-3.680015
2006	30.241853	57.064619
1961	41.0	22.0
2008	13.1088888889	80.1208333333
1907	14.0	17.0
1968	35.1665	-107.843
1996	46.0	58.0
2009	8.86805555556	76.7091666667
2002	25.414	81.843
1823	52.5441666667	13.3527777778
1947	14.599916	120.984337
1952	8.233025	124.236832
2004	42.442722	19.240305
2009	42.774676	18.960974
1948	15.790767	120.989009
1977	8.777051	78.1091
1979	13.0	32.0
2012	51.0	38.0
2009	26.1872222222	91.6916666667
2010	39.8642	-88.9735
1915	49.0	16.0
2008	8.0	53.0
1814	50.2666666667	10.9666666667
1993	46.3380555556	-79.5616666667
2002	13.0	7.0
2003	34.0	32.0
1917	53.538696	-113.457865
1893	18.5236	73.8478
2008	21.247542	79.050751
1995	30.91	74.65
1967	-22.8191666667	-47.0655555556
1953	13.0833333333	80.2816666667
2010	13.009643	80.004335
1990	18.424	-64.5785
2007	16.244347	80.103946
2008	20.305063	85.714114
2011	28.0	35.0
2003	23.1291666667	79.8747222222
2011	40.0	11.0
2003	51.1724	-115.5636
2005	13.0627777778	80.3688888889
2007	40.9252777778	29.1544444444
2012	37.781051	-122.4117225
1960	38.0328	-84.5077
2004	38.0356	-84.5069
1998	6.31764	-10.8053
2005	30.515	78.4058333333
2007	9.656469	39.521578
2009	6.0	28.0
2013	25.430854	81.770607
1939	25.4166	83.6806
2004	17.4397	78.4971
1988	11.0341666667	77.0297222222
1997	12.0	18.0
1919	24.15	120.683
1967	18.5177	73.8148
1970	32.0	11.0
1993	25.7804	-80.1405
2008	5.58166666667	0.193611111111
1997	13.0	32.0
1982	57.6856	-2.0266
1948	55.7535	-4.1582
1984	55.608	-2.784
1980	14.2388888889	76.3855555556
1983	-33.9722222222	18.4813888889
2011	49.4832	8.4647
1991	43.0	15.0
2010	41.0394444444	28.9122222222
2013	-6.975	107.630277778
2009	5.0	33.0
2001	-33.9177777778	151.231111111
2013	34.0933333333	-117.723611111
1976	-3.34583333333	36.4577777778
1992	51.4035	-0.3039
1988	26.92	75.82
2007	11.9147	79.1005664
2011	9.04833333333	76.9083333333
1980	35.0	44.0
1909	-8.05166666667	-34.9508333333
1991	19.02965	73.016429
2007	20.2223	85.67292
1996	57.535	25.4238888889
1989	-31.9499	115.8537
1949	25.4591	81.85202
2010	45.52342	-122.67508
1987	41.3894444444	2.11583333333
1967	55.4863	9.4803
1929	6.53337	-10.3609
1998	12.907334	79.295814
1936	38.419722	-82.443333
1996	29.977	30.948
2010	22.5261111111	88.3263888889
1955	10.0	20.0
1998	30.3992	78.0753
2000	23.7348333333	90.3938333333
2008	13.0	9.0
1965	12.907334	79.295814
1974	26.0	51.0
1988	42.659381	21.16206
1930	55.6497	37.5131
1937	48.8	135.0
1849	45.359242	-122.600451
2011	-0.716	37.147
2001	23.407543	87.437748
2008	28.9735	77.6404
2012	25.430854	81.770607
1996	17.331886	78.726692
1972	12.0	56.0
2011	32.6421	-74.2066
1961	19.0	6.0
2006	8.311612	77.264581
1999	19.3113888889	83.6502777778
2008	12.960277	80.057448
2003	8.57666666667	76.97
2013	13.1447222222	77.3638888889
1992	42.0	10.0
2011	17.0	19.0
1987	13.0	1.0
1954	9.0	56.0
2005	6.8969	79.8603
1992	15.0	21.0
1980	28.0	35.0
2007	18.609912	73.755029
2013	30.0	52.0
1992	15.0	21.0
2008	15.0	21.0
2013	30.0	52.0
1989	77.2088888889	28.6138888889
1946	28.3638888889	79.415
1984	28.0	32.0
1967	18.6158333333	73.8236111111
1998	-31.93846	115.84413
1968	30.3283333333	78.0130555556
1969	29.7080555556	76.9530555556
1947	19.001948	72.839779
1948	28.5516666667	77.1811111111
2009	19.0	57.0
1998	28.6258333333	77.2072222222
1959	13.0016666667	77.5827777778
1904	26.0	11.0
2004	19.220376	73.163034
2013	25.61	91.9013888889
2007	28.633	77.447
1986	10.2325	-67.5283333333
1955	25.241	86.7456
1918	55.8016	37.7627
1994	8.0	28.0
2002	23.1649	77.3318
2013	50.0	5.0
2012	26.7796	75.8771
2007	9.0	53.0
2001	51.4563888889	-2.60444444444
1966	43.134	-75.229
1993	54.1953	9.1217
1894	32.527198	-92.649885
2012	22.0765	82.1646
1965	-19.9437	-43.9253
2005	2.034	45.308
2011	6.51666666667	3.38611111111
2012	34.21	73.28
1932	36.1497222222	-120.356944444
2011	26.0	11.0
2007	20.163348	85.785565
2001	17.1969444444	80.8997222222
1962	59.3575	18.0539
2013	31.3830555556	73.0736111111
2006	9.922	106.347
1962	6.51666666667	3.38611111111
1860	40.6554	-73.9457
2010	22.252597	84.904838
1993	30.0	15.0
1926	40.79695	-96.65053
2012	22.69	114.208055556
2014	22.561	88.413
2011	28.9086111111	76.6066666667
2013	26.92	75.82
2005	-1.31	36.8133333333
1962	23.7588888889	90.3997222222
1963	23.0	35.0
1982	36.0	12.0
1961	23.730997	90.386335
2010	23.7102777778	90.4111111111
